PM2.5,NO2,CO,SO2,AQI,CO2,AQI_Status
99.889628523367,71.3253628318758,1.0886380584253743,32.10674353790065,100.66053460869462,300.0,1
238.1714335383799,55.929154802691436,2.8011245474161193,29.792548902524395,96.68427574943995,391.9537912129026,0
185.67854603473722,34.405123547201136,4.39014001220676,3.48723981677327,274.68873674067993,310.53597578468884,1
153.67803620728878,82.31052687216012,3.7146794547658937,21.792374002317068,97.37747395936665,308.32771280761307,0
47.444473706184766,70.04946139261853,4.0714935097349585,24.05134588957971,103.42642605473037,300.0,1
47.43868488068863,20.44860923776467,3.3621601602114435,25.131721292020227,235.0375308528502,300.0,1
23.94006692036787,91.53808252691503,3.522927509685692,35.649997415185275,151.4297574616458,300.0,1
217.88227498598445,83.14103807770105,4.276139127513533,32.94894771015895,239.7118503778989,418.19693132066834,1
154.2676028183701,95.23099176273278,1.3984064425240925,37.25849538201979,47.648862542384016,315.31346253037174,0
179.93741867105092,73.9433532968942,2.5492398254870743,46.36322916944344,161.64422229181378,300.0,1
14.940278630992587,63.27444361390004,1.2618053207340907,49.15317284553342,39.075672049486315,300.0,0
242.77836451887865,44.73308844760879,4.940806438383905,43.65113842113668,46.916364932945726,406.7221745142852,0
209.78623379210123,93.60920591863126,4.731484830495743,57.42037436538621,274.73811240299096,411.6426262360222,1
60.961386562786274,87.27606950253879,0.3892486945688283,3.0574897952289746,67.59625020175069,300.0,0
53.637992129704145,9.295773660087994,3.5867608280753047,13.355123169645674,173.75358421430863,300.0,1
54.01708236482412,7.50486257723894,4.641191923595196,2.4386467487322427,140.99581270219076,300.0,1
83.01813831028906,40.76401985341471,1.066761656611201,39.55353342096697,123.78269808988752,300.0,1
135.9415435917371,82.00256642427412,2.9261371066526216,54.08577183909924,272.95500333556356,301.3774648204978,1
113.66680447410778,98.79123228491973,4.594343828422601,16.12197320142536,35.892317129382164,300.0,0
79.89499364753006,19.289604654835177,0.3629406972118344,55.768003598185786,209.22321526740905,300.0,1
156.84469473337109,61.442417958452836,3.547617282784832,5.495508636794529,290.1164972376586,300.0,1
43.47852655649004,41.18463137994704,1.6272752353882436,56.19728955471983,181.24540953469733,300.0,1
80.11471564845236,97.1418677923873,4.637101737807346,22.394115859898797,282.9420647489348,300.0,1
97.926842390486,85.00129769789233,4.861079576793765,7.882408050054558,44.10962740722642,300.0,0
119.45679621208862,84.6412269475581,4.732479147744483,30.180562032806886,143.07419615002357,300.0,1
198.44223073432326,49.52585018052218,2.476228239955826,16.89304092778946,100.24260355975382,326.23631064941003,1
57.92170771800634,44.40785272207819,4.337804724748705,18.522628313791525,227.32166054479706,300.0,1
133.4162652192668,30.973671833417093,4.253837112968338,19.82281796572462,294.9502144342566,300.0,1
152.1794965268902,10.355672181838075,1.731682271567627,48.57550207429448,99.2631168599469,300.0,0
21.148099052799452,87.14862574423006,4.178794275923251,33.27135404716476,206.6271423980001,300.0,1
155.8107644563452,82.22559586735737,0.3776366466343646,20.055846551048212,83.48636084512984,300.0,0
50.92578968494997,99.9731789621824,3.0620954167138548,37.399359432033265,182.63916873433467,300.0,1
25.612382316467084,99.68049952202101,1.3040424189809745,43.53673910494523,155.26177140585077,300.0,1
237.73252894079997,57.766012032249606,0.7787210517309382,17.812192042544957,292.441439000515,375.36475686289504,1
241.75168793789425,78.0538044421485,0.5693753678202039,25.98584788847039,194.30236362804598,378.50670196086276,1
204.01536354795067,94.75274433883067,3.5421861242150707,9.069393413542958,124.36672046344107,352.4149710868562,1
83.10730460160896,85.71650211435409,1.8313998260867175,12.506662273011457,60.805861919742014,300.0,0
33.441307361532125,28.498069665603776,3.678880503338055,41.504835529969,70.83664375843233,300.0,0
174.21592636291766,47.801692854458885,0.5137104358349234,12.523424166346363,90.83557108683348,300.0,0
115.63659849750431,17.270144439392023,1.7133936215869294,32.45947625268949,97.76099856188046,300.0,0
39.289176362746915,95.63484758957863,2.7895582034016186,43.1246831799011,259.66633561710717,300.0,1
128.84245842670484,62.586590272833604,3.995471191227025,8.198861539495143,181.53015283628173,300.0,1
18.253245067652415,26.72106652282896,1.7300120140739355,34.9041087384764,171.31554607107893,300.0,1
228.2368964989077,68.8115650185564,3.2042786068976437,16.8806414546791,60.98759540468872,380.56366525916474,0
72.10719558400406,63.72218284350011,4.452693191533698,57.849758763779626,262.2377172043474,300.0,1
169.00534824495568,39.02545821311985,3.156143303275062,30.045647509755636,225.1598618662906,300.0,1
84.81065826145863,15.787971258964756,1.318205478817442,48.74756788695917,48.270457713000425,300.0,0
134.8163250826746,68.79945358131596,0.3171237514713825,33.91313944506318,221.11547625203755,300.0,1
141.2104670423871,54.429231585860364,4.376474594724463,4.517926905579511,176.75531868251443,300.0,1
54.36506932612649,78.37024721488574,0.30209317208185826,38.722779784453294,52.06584335163013,300.0,0
242.70031066349407,54.41553260563937,4.398568028884157,57.18139384798611,153.74117321273724,397.4078823583569,1
196.03187760666748,85.95724253026131,2.7388982433306177,36.89348556848721,160.86799752511268,339.63743460060863,1
235.4797459754054,57.43114968357612,4.707524952861902,49.51295384675383,74.75912584408445,422.68495317633585,0
224.75856410263572,58.2891072958617,4.034159531713594,53.28397487420765,285.3384996900762,385.27753346822203,1
153.49599491466043,88.28209225254278,4.99008373056002,15.228626773038084,259.49335029977874,315.873930790788,1
231.24981640554805,43.330872290177716,1.8834167141682086,14.298600714677146,210.63603107885925,302.40378495870317,1
31.238200492460678,17.73144670281087,3.882503786869409,37.43689735335752,154.81980147016395,300.0,1
57.035886980594846,7.734354249767202,2.1292683853243624,25.839651248788872,141.1766962278173,300.0,1
20.854549338529136,76.7380392889938,2.5034029774587627,50.71195556626978,205.76283613075762,300.0,1
88.07927938318345,63.92940737857914,3.2120262234481767,54.20134115708465,177.26660473986448,300.0,1
103.28254952547569,71.88757796942623,4.393650148094426,22.49843999955765,46.81373858810912,300.0,0
75.12376762573501,25.23159534334652,4.923600652156616,15.73849242051996,168.37571516798957,300.0,1
208.89700219646303,17.955290180743127,3.8877123865496874,47.27047988414399,247.72897665286666,300.0,1
95.62079840646143,6.381743238448783,2.205280554403202,17.938750061791893,153.9947669511787,300.0,1
77.42428232497139,38.305818086626715,2.222513610929937,49.71163047379335,44.028275939652474,300.0,0
140.24705995797964,61.042180251190146,3.7403950476266794,26.576818711628245,242.29511383368893,300.0,1
43.82181399394304,42.26318428447457,1.346130299687851,40.71789415890529,84.36822117671309,300.0,0
202.5272753809695,46.56011759225426,0.7302757430306943,7.541048202410755,99.82762541977047,300.0,0
27.892154483145,90.8950759769061,1.9021863566757273,38.183840831241234,74.47071542671989,300.0,0
246.85286478412416,38.08426936721353,1.5787471599395921,28.20252536675929,119.15806751530434,340.9170904601274,1
195.33874463119778,53.82900147018203,1.6222789781887523,36.0232908641775,234.32290653593145,326.6141854817018,1
57.69176356820138,79.4470362104086,1.3213172050395676,11.744824049202078,170.23418206606308,300.0,1
11.325308109664576,42.671564320520666,0.40204731025453705,44.73867720676256,85.31794402069238,300.0,0
205.7107428291602,64.09823652164798,0.2857948867203863,52.042230497507255,267.01412110105105,388.6135691586544,1
179.64576252342812,86.92455233094078,4.941067470732952,14.570908405264987,267.4871008369129,358.3514603794978,1
184.96172032983696,95.204459247476,2.253311041932139,7.55144422016938,265.05617476242185,323.7676377337889,1
195.104883204627,18.971980688258604,2.044767906366472,3.371037990687511,94.47497707301561,300.0,0
27.770716416181685,93.02582439034197,3.4623069569267355,39.234347025709425,151.8346229288668,300.0,1
96.03177485062542,51.751047842556126,1.247618661752308,37.211454093149285,295.9472071580363,300.0,1
37.80857428603113,29.533216888401043,4.759813682961082,33.70844993741606,238.4433686036974,300.0,1
217.14482221014245,48.61789684263482,3.97445606919465,15.452931574726573,37.33520373090115,341.3191523311602,0
159.5915504386139,98.10309465212032,0.6291728110988457,24.67254776251985,47.605239640332854,301.47774514616776,0
89.4155259646358,51.79871892932261,2.204387723767656,36.47962744079803,155.26147173932986,300.0,1
25.25400406864567,36.23140297731328,4.4197678762983905,30.812477813831823,275.48945558262125,300.0,1
84.63575721175893,65.17308116008894,4.734713706998769,59.29156017246346,175.44948544723283,300.0,1
88.04399728641928,27.81383378392834,2.443527253999375,9.91350564829052,164.40937716925836,300.0,1
185.10548280113537,12.207016170323072,3.144374668211397,42.31838413476044,58.47789898829026,300.0,0
163.01379312525114,17.243573581511676,1.001762941241961,25.450488550048945,207.3306282755594,300.0,1
222.93105821831836,17.164354700988383,4.957609405457488,26.835577665685655,251.96785336206088,362.4610372736419,1
123.33158203886784,19.430755883667963,1.3120241666405281,43.62067040817422,132.7134020270418,300.0,1
38.702619025192405,18.188581401693963,4.725112515848603,42.16129677681344,239.41519974983842,300.0,1
181.1787489335188,65.8831007563054,3.318303915163369,59.49284763472692,290.40869655321916,333.56423179436126,1
192.5884116680554,22.27860801791876,3.117136615418524,9.446868788339263,85.01694396447606,300.0,0
144.7065274166791,37.838391915767005,2.6609048528792414,8.038359664281646,171.29900042258015,300.0,1
195.03212318909465,90.19489894107113,1.3072150962452416,44.011651393466984,107.52724868283539,340.76751606217033,1
128.51094312745377,50.026355824972875,1.0473345536264396,35.54644118637173,244.07069313913664,300.0,1
135.45587905167858,68.41798515949759,1.2583338035368417,17.90131866046874,185.95020878791252,300.0,1
112.6098444060519,21.370387764154835,1.0949036582924216,6.606323401361223,201.337252738582,300.0,1
16.100590418582847,23.267456786823722,3.9420054731204157,6.968178476592971,245.4368230962914,300.0,1
35.89394247839307,8.882518545315492,1.8806012440003044,53.863070730518864,136.91202761886282,300.0,1
17.543004564816222,21.04883099185563,0.4776448475043026,13.12830483368709,277.07431846990164,300.0,1
162.7384987033073,31.46608220803607,4.851692624675894,20.755550602700204,173.9177941564578,300.0,1
85.4454354583184,21.81599600629095,4.442172247824443,15.146071329165306,72.64780216554396,300.0,0
132.05696587952866,13.426740706920283,4.653210959337022,22.589785738252363,217.89276190557666,300.0,1
227.81595374226234,16.460407754557075,4.97555754870289,6.026582879273415,244.1805646183287,300.0,1
69.83013499572999,48.77398296310895,1.034697196253539,32.10546787267968,115.5256528082322,300.0,1
108.49190152855114,24.601703248550287,2.101961690732762,5.921528688348465,261.4383993896633,300.0,1
191.3322732503317,39.60563679956717,3.8395446833796383,48.42067745369697,274.6586787867569,346.3738946254852,1
64.91155971798939,52.8246407312114,3.5408989666582027,15.555300750805115,104.76421159200841,300.0,1
28.47517835891032,70.58750871978971,0.9387003504313043,33.320691047061615,295.55079763310994,300.0,1
79.54034869930433,8.734653284904399,4.115998999954965,53.044587078564575,67.99211257316477,300.0,0
48.69310894096106,80.94398789635905,1.2773147448159712,39.75088740473726,84.54423046867228,300.0,0
233.12743656221753,64.65053700163624,1.2743245511485908,32.911551619977445,79.74070659426705,354.78439058892127,0
203.94889109546006,12.767108035142831,2.7774772298883854,20.811357680691785,271.377221702125,300.0,1
162.01690156250163,87.98996929014383,3.0461116872401752,21.31411095737548,206.65898912773972,327.04484958264374,1
219.15054164505224,92.48287805052226,2.9844137976214937,40.830243401495025,71.06815647001368,420.5521886398715,0
202.88129845578746,10.802406186212057,0.6391368195092234,59.660082950827714,148.88732295945422,300.0,1
54.7768141326486,31.303376573984355,4.411812140625826,40.38667301126396,196.13046676884656,300.0,1
224.21415963759466,81.58912158034083,1.474880204425789,34.35143820746144,52.53530294713349,374.4222813125409,0
139.44213805975616,76.08467058644754,0.82167162215746,44.377729593876275,268.2524194699814,300.0,1
203.785637239375,22.529496838855845,4.46599078337109,28.981925512455653,246.9729545692145,300.0,1
225.0619119816384,24.88818571698748,4.787127191502816,5.488255870845542,166.4058288656923,300.0,1
86.32083399324733,40.19484976518129,4.338212562874163,34.61321532091877,291.124186119976,300.0,1
36.41246188664242,51.02968359314703,4.085677158679415,57.54226650131205,142.7954644042769,300.0,1
64.70443901006601,63.734203295378116,3.345161507067304,12.167570656744259,295.70978613985443,300.0,1
112.50586927030152,40.04679575912838,2.8441153789238687,42.02028366759861,210.33839967697932,300.0,1
206.32354382139835,48.94079803264905,0.6175364475747687,13.654153942225275,201.3612437785642,300.0,1
216.57533998152243,76.00973912270688,2.160575422739354,33.07800569943871,74.80782172986196,395.49328095479086,0
11.668511327485769,8.484904274606802,1.988904881659107,7.6072340795097375,268.12049474225387,300.0,1
132.57935261861576,28.981509712681973,1.4468181620495657,28.121514302974738,145.42221573856608,300.0,1
110.17864075570697,72.76821065903248,3.672416545705208,45.857473075924275,73.80301956126942,300.0,0
63.30587451297526,90.04464958028393,2.5802035283781,22.15914840586096,33.40403039345494,300.0,0
38.76768816008387,53.60935700098828,0.5890218363567101,40.56488002025865,181.13403458236328,300.0,1
91.02764113687071,55.550781100204986,1.2568793693590943,48.13609772580429,172.3978979731226,300.0,1
236.2983289390046,15.181341077278725,3.4796420655660607,55.776313529808256,224.22547803967282,373.3153914617453,1
87.56870368498126,47.50417484822819,0.5654281255534409,15.609240747616305,270.3696743148066,300.0,1
134.50974921840788,55.5986403132272,4.2857931874340895,25.16032311693987,51.43977785361797,300.0,0
178.72455013484267,28.034697845299316,2.576703329667077,10.840128773164212,227.50405239189783,300.0,1
97.27110457103055,30.57810694019119,2.5068155711679103,59.56404312518576,80.6012249063472,300.0,0
243.22769985303057,40.841995494939155,3.0435573663656847,55.76605613960913,261.70780435243427,368.9086064153931,1
240.9873507861067,6.906763788884005,4.158468636440716,33.31751355627246,251.14714874264715,336.25108987037316,1
70.42775099808739,35.59752073040194,1.8694841979305266,50.837931073832436,176.014313846097,300.0,1
129.3396414141725,25.08756066467174,3.454477532283505,32.21556268177845,221.76555562829412,300.0,1
82.21079435602472,36.112248456901895,2.915513427179797,38.16796990416006,114.87453055961207,300.0,1
78.36171865059222,16.377402522828866,1.4817356968132223,7.169217062728964,157.21533271185996,300.0,1
18.85286736508787,89.60009167029003,4.417423934504758,45.80568438881486,251.84196238182736,300.0,1
156.29544015517524,61.39128308763462,4.027644903713255,9.40738205084362,154.00160323676775,300.0,1
130.64296557492676,69.51472031872652,3.3605688063604426,49.911922554646644,126.60553163786928,300.0,1
22.354900299997446,79.97126766769713,4.282792299652361,47.35762908488238,163.43736075758096,300.0,1
76.87515141678675,52.35200889826044,4.363012164607051,43.10719246909263,253.62729815804894,300.0,1
227.9838126319969,13.257427368305251,3.600142288232167,4.097302070436203,120.50617279013564,324.38071721532515,1
67.49485376007338,56.02512147276204,4.217663976145626,19.58144464482906,76.91563014665083,300.0,0
44.77476930189354,60.749906211983514,3.5478630160125615,17.260529054828886,222.2437854893108,300.0,1
127.46866246661513,75.81675004751135,3.464675704449442,22.887911633348107,253.0141174311821,300.0,1
246.55610898654416,46.00765689181954,3.1693346154328847,7.083279312302635,57.172119201354,367.93720949017035,0
68.0932651627601,17.120128765578556,3.813039869876678,56.34355373580164,94.76601044410508,300.0,0
171.31253137741086,31.958711050878826,0.9613045054067537,34.12052996131782,68.33243723546835,300.0,0
192.78870767889222,39.49281815787033,4.428179644154857,19.720410018165367,123.94418112718499,317.21143175538185,1
67.03301055817592,66.36213792650211,4.384848933177113,25.024927990308438,151.59476430446142,300.0,1
184.7719236668463,59.22393894354663,0.3403869585658839,27.937747349280468,232.18311098009275,308.0926824676671,1
98.26795185262077,38.82918896029539,4.16392040271086,36.834471334915804,205.80984791805201,300.0,1
161.75339934245906,98.71894863533308,0.818575363872537,31.90940680639687,197.65071321917642,301.8337734405091,1
162.04713058261473,62.54860783890428,1.808570500443881,55.3247344464362,125.14123558460669,300.0,1
138.58592417794205,27.536545214919474,3.7688396301997176,30.823882008538156,257.19083933288516,300.0,1
31.669544813057993,14.669334898938356,0.9716475010318795,59.545164859752134,157.24753519750442,300.0,1
210.47259894141712,19.52161822251154,4.126241715771498,51.382647549215555,294.3583332640917,359.3767499556611,1
86.9872155932166,28.365984196528274,4.194244054197161,14.093609832725477,201.21837733984896,300.0,1
54.764442495965014,20.26473045965779,2.635845122052014,55.97452244934714,64.09148022241574,300.0,0
19.78603397314334,22.723867284874046,0.2306521842408012,8.749251077357613,212.56794176036718,300.0,1
151.81430636517803,32.084041025915475,1.5777830392395813,49.41208309248911,117.77808416655873,300.0,1
172.61544684214778,21.470491553001708,3.1612492082035626,24.076151021641646,215.3083431052463,300.0,1
13.981078942685476,90.19271533951039,4.909693654531632,52.92251058581403,48.803110003849554,300.0,0
132.90233399182745,12.62220583785601,3.232704929680008,52.34728802623212,77.21798803750903,300.0,0
64.35898604750511,54.82858200917419,1.4470571891079669,48.743673206822024,261.04905990456234,300.0,1
164.84146969826796,43.98769856401784,3.2432273748781344,47.82176530580956,91.33848039634901,300.0,0
51.847942961197944,98.3259686063176,2.7919298226361065,19.671390067686367,256.0011038155938,300.0,1
175.82505714459182,15.643695705964973,3.9432578967254894,6.693318416972627,105.40454388269082,300.0,1
102.81648311212898,42.79628190934545,0.7135070663694003,25.372850368379364,203.57811571585106,300.0,1
234.81519729681628,97.09969116116004,3.8529339320097344,12.064421869217503,217.42065484765436,417.02472588066,1
43.00502659503838,87.22317695992813,2.7980795776453293,42.30716315634278,168.4167833491643,300.0,1
91.85592425206204,82.6218467401816,4.822361618523174,22.07378413919156,112.43388270811745,300.0,1
37.23364509774137,29.500768569269283,1.8409863969856932,58.58539164987506,87.41398162019595,300.0,0
231.92646838685508,21.234320802056253,3.236585087042951,39.17638048602926,38.96112573185508,344.9126468068248,0
220.56144481143545,68.52110589282094,4.673734906448084,49.703872690792934,112.06552833499543,427.7292832591803,1
71.90599065163735,93.29071896712065,0.6920466943552603,9.686431019027209,206.35395344344641,300.0,1
168.39617104820297,57.89247483632333,4.698696738734966,51.99683997181211,283.3423009810903,310.59407948818534,1
206.1333280482918,59.303205499640484,3.5018514670439043,55.51991704977687,265.22521021102403,361.4462565999731,1
143.24819478387096,31.598013897726997,0.5256178837048251,30.249591291498284,236.8374896645317,300.0,1
137.11613880544155,78.10182865323401,1.6446251213447178,37.162670389556695,242.88078267839063,300.0,1
68.0445498161084,22.76915611296472,3.5992260254973516,46.35896845237374,209.5459239385187,300.0,1
32.34466427341581,35.74952745840315,0.5232828870501042,12.140640381103928,100.27745154282081,300.0,1
225.33178190879843,45.41646166855959,2.994418208846112,31.14883243487966,274.94265829057406,361.40557021253636,1
226.1003337191993,53.22298597502323,1.8602386733741922,25.12245561079416,211.09772421457518,325.18140707624747,1
161.9443497455843,28.028924579432623,3.18039448528389,10.489691545410448,181.31897036471878,300.0,1
91.36714985168817,15.909498350224336,0.4195617623000617,23.316996492908824,59.967156687639886,300.0,0
93.81029790703862,63.0089040319551,4.3833766695314065,5.953993944358627,150.70499682773487,300.0,1
184.22936292885746,32.4199025578243,4.872747052051505,3.4970906030702453,154.2967332245201,326.3620395387963,1
225.3064623886185,60.217631035148166,4.850613705371319,9.83964477097972,263.43217457112087,389.1434034516811,1
222.90074182362815,19.664457951049222,3.7983287923660387,57.86067647217208,177.5950194507029,329.8633693653038,1
197.17013100582972,50.70830967620766,0.8244139526270335,33.87271308191099,132.7081482220106,312.35222755144844,1
164.08759507702905,55.595996092400654,3.8396633404593086,58.01768534688676,293.736088697878,324.31142162356764,1
30.19359159881172,9.923235998130556,0.31801719900224723,27.084876943147655,59.89456019810523,300.0,0
48.7908913827073,36.977406428422455,0.30619304733918684,20.085335718945053,144.08807564422506,300.0,1
225.65300524649902,17.769394309202553,1.753329051917798,31.35622804473416,41.346662296279426,300.0,0
155.5429743183016,11.020622194912935,2.5454873139423957,27.491677940708787,229.7741126070712,300.0,1
12.207292387991115,99.0462220770448,3.8979556054774074,8.128551687181147,277.8806690937707,300.0,1
34.3531702878477,35.623615272598684,3.479817807711225,39.16792625203196,105.61007897863215,300.0,1
169.2404245859334,81.93807235619032,2.3403329906083923,14.530214585556777,261.7522527357626,316.8283793114804,1
11.214780123092485,29.190862202557565,1.5134079981519961,37.936101384074114,108.8989222247124,300.0,1
48.59393234019968,69.74275861127327,4.986197600757014,39.711663359092896,275.90794364385715,300.0,1
141.69610944798066,77.22164668952023,2.2456702507326702,10.81744148146159,233.56971397113168,300.0,1
176.05484744624638,61.585680357745204,2.3666577167824423,5.558278372418753,247.32482974718843,300.0,1
166.47070228062412,49.799737912265044,0.9853943417200122,47.28417199196951,34.86177001212272,300.0,0
63.82463427053435,44.12488684399051,4.0150858339996605,28.66842457862057,289.95879640998703,300.0,1
180.9230131234086,38.14248532158455,3.5296746837511455,5.373500139317596,226.20116785898728,300.0,1
66.93978099923201,93.30526870354346,1.2596941413860498,59.702246395846494,112.282795754256,300.0,1
88.09592755822425,83.90884373983427,0.5954290189560449,5.351272537789265,253.93655951188867,300.0,1
189.1579372283258,96.67755651331869,3.466396649958623,42.312043273796085,106.01072357203108,369.95531056366207,1
165.91189577133153,16.80823623112675,3.341653828549449,59.05337766527799,265.6435366828546,300.0,1
213.8136185186027,74.4324101443462,1.5116457295914048,15.872446044523686,60.396705411222996,339.4692832142023,0
167.8270941520824,94.1423433979986,4.764145098801969,10.250463383857378,219.99521391441485,335.2794710853978,1
146.39406480051318,22.217141285737714,0.9250778805483211,9.040326486500875,175.98858869412578,300.0,1
32.48194427874219,11.317145399843863,2.2752070450044894,19.589958558920543,56.064306952769016,300.0,0
98.25179273426404,75.40646168255562,4.729356416804475,7.860657038617508,95.31133362988652,300.0,0
73.64856824361411,59.57494575209163,2.2146911212453873,42.14535781825965,33.34908979487499,300.0,0
68.55751441098006,84.97373379203584,3.2649245487876106,5.612924291543636,156.56735067541658,300.0,1
243.52253314058694,18.2783757794975,2.1084531102214124,31.546483432687804,111.3416204052001,336.95046238283686,1
104.3434539200225,80.55039462668957,1.516232971273616,59.808417523472656,191.55652076039487,300.0,1
224.09117324250718,24.15459540453573,4.923092710207175,49.21027563134909,110.25420808132664,332.522121635162,1
161.4732702393431,20.54731457224193,2.1648032303122067,37.68272741739863,110.97816010688587,300.0,1
200.75471284999563,20.605250803444328,4.491676177659845,19.762710005623475,230.66216365753291,354.7346903882418,1
130.63290234524612,82.3845984219813,1.3037821082772136,38.18595850491503,42.99856571415543,300.0,0
148.45693231032618,68.193735966139,1.2229025793203998,32.5684049068758,273.78164870183656,300.0,1
128.20424651652735,54.69121535306633,0.34944359784565454,26.712836265641545,260.111246085619,300.0,1
56.85831707153068,39.088895991732734,3.3280007618042484,9.58120185093157,210.30726447112977,300.0,1
183.38850766276127,88.33405137724529,1.9689264498740533,53.42304448394707,190.16982392899376,346.3505977238634,1
77.38536698580539,42.28228520515036,4.348919599230258,28.087509631636706,270.92167449770614,300.0,1
15.835831943548921,82.57694674979983,2.4714075521194743,13.288105685604373,80.0391484727529,300.0,0
164.9133510177203,46.71781631417075,4.847328453990665,23.3300423508828,51.32167379152372,336.1673238151009,0
52.50656305769175,40.80972079536622,1.0905224753749816,26.019525646677767,94.66774587557529,300.0,0
235.71006024469943,48.954579638612614,4.369391206186932,49.99719794287871,244.53613524905137,409.998863844663,1
238.94285848062097,33.6308980455935,3.9276648934003604,44.54963407256132,39.3609720161505,352.6852452306403,0
229.56745365290766,76.02289111674385,3.9004248542914497,46.61968383119771,187.3578454725422,387.0869093107119,1
98.83808806130665,52.75843705878552,4.254959494961061,2.6398133368615384,298.7681293716537,300.0,1
13.709587966928183,27.060206038947644,3.852915156526395,26.13693189442617,261.03794533613564,300.0,1
232.7964550210541,90.459584461084,3.205857543830794,29.91796079484877,170.79033604176917,414.8991948516861,1
112.76419559615545,41.46966603045509,0.8299754128754604,3.113152055737288,47.18304550739343,300.0,0
241.99715657048068,56.63752180582892,0.3561256615580092,17.069166107211984,254.47084888414165,353.45202528747603,1
241.26879450142067,91.11485054163195,4.6200696695152965,46.09680974108383,191.72419720784686,415.76686577547406,1
214.72226931216642,64.30260961182924,3.1599215096995428,9.952362932281945,61.03190920608304,364.2047749154897,0
80.66773409670057,16.105313867294587,4.023378996685646,33.04798762425031,55.34146690230617,300.0,0
102.42345486446206,94.28405174328013,2.5113072872602404,14.481708576999775,275.59924124787995,300.0,1
214.27280116404566,64.6322650417847,0.7630793070194934,2.70300492934581,210.68407099328118,314.8778525141389,1
86.06128123750663,36.81603339242318,0.800891802572242,15.989684540773405,253.907435815524,300.0,1
50.6782592046622,18.230846903021792,3.4907133786990627,58.60067778478312,267.3243030762122,300.0,1
143.63230299000404,80.43239298067812,2.265468295517421,48.489152489213396,184.378535053047,300.0,1
234.67714579858745,63.90691181320879,1.1625186881616163,57.65544537061994,169.71051497386114,421.5761409404493,1
177.04715120199353,55.67880373775054,2.559653824358897,30.295534547729023,146.21540078666735,300.0,1
146.81468082144758,89.91979538984097,0.5082028979606437,8.364699523295204,115.5755787036022,300.0,1
33.32235850498445,79.91673506633042,2.993462729189114,33.78165036047419,147.3409094318522,300.0,1
157.60173440780073,19.40911357461136,1.4911683412884686,28.35388540447773,238.9475070471422,300.0,1
247.61292402502318,34.61359644057708,4.028283683058503,50.97271079889772,192.51932637408552,390.43245439221903,1
43.62016365676577,28.606468282374244,1.689737402833154,7.688789685486186,270.9812882878084,300.0,1
134.3991165672968,75.67489779440432,2.3850567155926456,30.317985947263136,149.71260388238068,300.0,1
220.5695372627093,8.185581299899042,0.25577859155888305,10.702822552251087,193.9141862540636,308.35172516714744,1
187.78446826100907,59.13952006277507,0.5477450614138826,20.831203759623477,200.45303933483694,300.0,1
177.28377783886432,77.4335751453656,2.083969070752087,44.76671048849238,189.7582338227079,300.0,1
178.59618015690623,88.2927354923662,2.503706406642193,29.609051503388457,219.71111873308942,353.77074174627165,1
96.27787629274124,37.49776612801121,3.080098630972658,23.80152053845462,94.1070364611977,300.0,0
80.46204262347841,83.01944394384122,1.5999803778046555,24.879624157062047,168.33821993736348,300.0,1
204.24667731484328,15.510015010744686,3.535913053407404,28.647912567547223,58.14069675825387,300.0,0
204.42721472300337,85.41296771477923,4.328587506508182,47.5309595425493,133.8180584640994,407.0876302132481,1
218.0973564592249,17.111422921538328,3.943284746688079,53.740911958533594,161.67010852774138,319.1969732409863,1
229.1777326135531,42.74229260323489,0.3901703616721143,57.40941181722784,206.10055007727757,360.7030343858406,1
132.72217572662507,80.7430597490576,2.506433346837579,47.64039640280711,286.64338419827493,300.0,1
130.3639107249279,19.242155598133508,0.7036648564072394,20.29359995338474,192.17578796805608,300.0,1
201.59084295202604,26.77888254710094,1.3618160761401317,41.91181295301944,230.77035736767115,300.0,1
165.99134338666363,73.6139939973413,4.935980447682303,27.380981195212733,166.69183606370476,342.21887087516694,1
178.4720505418488,73.40347097187707,0.8839786059272634,16.77089607867097,201.20808847160944,300.0,1
200.99024066466424,65.90902512410324,2.5946631365665094,50.77055160670351,49.15169835611883,363.5265781877565,0
223.6012820362159,70.9251022243745,3.1671475247269716,4.22872823981485,98.68572682729868,405.46878150288296,0
91.1188376443686,56.55882211802164,3.571831858611699,54.302195543854566,127.70033516538744,300.0,1
100.13990863358656,28.92091059616051,2.886313680737188,28.76569294823458,157.57320585175864,300.0,1
32.55566556180856,37.84111938287235,0.24690006761208158,38.957685654880265,42.32516128564361,300.0,0
148.78723383908175,22.251783096135437,1.767014279571161,40.2425274879354,67.80650633939578,300.0,0
18.6261457112181,91.30280332669469,2.685015888246615,53.91682896097911,104.73986310365257,300.0,1
121.74352435179044,60.42222050278144,0.6217591958952001,38.92684156569803,292.31382654328365,300.0,1
140.2347123298184,43.080884592545786,1.8830092698040675,37.60814791608358,119.46369191782371,300.0,1
78.76990051078826,48.8905513461926,0.3593749221985595,5.865818352520018,160.15108569026228,300.0,1
151.7999825365626,94.99191726312246,0.5771767863440995,32.06766527282184,82.94638243936609,319.6814036854841,0
17.320059985371863,19.56838329602762,2.105231725767661,10.709802047388417,194.91061919045742,300.0,1
18.96356529981146,60.69183404159574,0.8370356194066897,44.771158585846166,105.78446818931306,300.0,1
207.42413455831797,53.05942449402427,2.924196071655479,31.70887140713512,85.88799617837523,316.7109710464634,0
96.44575393870309,63.088152366291546,3.5094318518588756,41.45321119408449,169.47460968041435,300.0,1
40.49452303645235,6.720467462979848,4.042816155723598,4.417028234938288,31.48656577331362,300.0,0
135.33838241315306,87.85177134969439,1.1607211723750883,6.9179369306565865,32.06928881529084,300.0,0
194.7984527436666,93.55123683594317,1.0039163948435348,43.54675650763557,89.1485784575016,300.0,0
61.797046599242364,58.68765244097485,0.7019256336051212,6.180891487923056,39.914767875221706,300.0,0
159.49371419656006,71.18182826830477,3.254865197809456,6.132890210384999,59.16695361528667,300.0,0
30.48339159850432,92.6374412118431,3.5910834871371256,2.702291563623472,121.49237532146293,300.0,1
22.403613080465846,72.18767025977287,0.3516134951630818,57.47708110136985,246.69813348654947,300.0,1
137.52511157635553,19.49120907685483,4.6938187819697115,44.775484848622405,184.45313370971124,300.0,1
139.75242918642556,59.74739421584725,0.4494621615270676,22.48858169311972,168.42028600823244,300.0,1
162.98317635956957,62.63792940637131,2.7982224094451382,19.199063714684,109.24198226619285,313.3858542985705,1
184.26192009343876,45.29241377372667,3.603490493364399,22.282787325259275,281.5735042468604,300.0,1
244.2044990710083,74.96220238434867,4.380651793981211,46.929904808508546,137.19406113404176,434.1758878935697,1
133.91208359228688,93.76486640305642,3.6276172742356536,40.35949544208403,53.5150470348583,300.0,0
87.50955350589904,92.92900872614375,4.048294798735,12.74134293631314,196.60795935180636,300.0,1
200.84468674448888,47.82974028339255,1.829360924205469,12.098341449376893,60.73636623868238,315.35669998594983,0
74.9997403028978,15.757614354871748,4.1111605459832585,7.706947683377044,123.21024855645686,300.0,1
115.35314096935267,98.55991390142178,0.5845512626464406,40.29755774267761,167.0012234538084,300.0,1
28.82953152214383,84.69531821236374,4.495119949090532,46.33361440886068,266.0400816649975,300.0,1
16.0841784197098,16.842954714310352,2.828443405537934,17.372692842850235,163.25757669183204,300.0,1
241.035619522702,92.47997884865038,4.123029295819969,3.214807739792943,219.60986682854934,393.5959186414202,1
210.6352289229294,87.64015439590219,2.3711277656878407,6.765956713632786,298.060546529749,372.32013533665213,1
177.0338094624875,54.28961542697685,3.28917293694332,58.13588202101177,65.50206237245504,300.28501491603015,0
108.14870665942478,61.17116639576828,2.7267327724933437,19.135797093690375,104.17751189027027,300.0,1
51.59063681700299,42.905256867662374,3.7116297044255933,46.61494257461175,136.53554041136454,300.0,1
47.54489024106065,10.202355688092977,0.59182391374683,38.2304869935473,143.89360820548447,300.0,1
70.05829555950288,36.843737956360584,0.48969000315470623,24.152499099867963,140.97569032169736,300.0,1
141.81439952946891,81.27107761681108,1.3860955232487029,13.929861207342196,275.05497069026984,300.0,1
181.50302144801495,5.440042185437272,0.965814464543304,9.040412253245574,222.78881400605124,300.0,1
168.4473704122555,36.6824213106587,4.3845611196425684,37.670752146254266,194.13440780449002,300.0,1
77.18413526702628,42.826025891139615,1.2522271393186126,46.928759276991705,113.53063382295116,300.0,1
239.1676673591666,56.05258227910267,4.88415322793183,39.34644670538558,252.42340373974957,421.6310906998553,1
187.09526000698443,92.38628355921225,1.8170998005013128,32.75752372845118,287.866338100947,337.18094936002115,1
143.04497260273615,37.90286946476632,1.0741659953057565,4.4331709590349035,251.72353628856118,300.0,1
156.81297909624453,37.96055418014163,3.9905528342839,58.17234910047426,30.422578401697685,319.77917380466715,0
110.70401498266958,75.0626185704261,3.3617973224042053,48.32542311596533,201.8283699495199,300.0,1
69.4554374802778,47.96070438453168,2.591339438975067,18.983678128655956,43.8065529893672,300.0,0
95.43344287630278,26.337458179298288,2.86574504450063,58.83827910281334,99.5539494901049,300.0,0
191.8830665114486,47.98175403260587,3.6521685357068665,36.90913219890668,46.07166909389835,312.25419546678705,0
13.454437271141408,18.38141693608099,1.2965827583902338,35.7805141760203,193.0247722963347,300.0,1
37.857433721659895,21.756763718091214,4.9824027970723614,45.38824440691286,215.37927664300383,300.0,1
21.04063408522066,52.34493841025058,4.879007178304559,49.08264770922798,60.91166227779438,300.0,0
19.774912556552835,44.797917702932054,3.3215632944652973,40.07575922522715,133.63649842214446,300.0,1
215.31054016264173,91.9103606014695,1.1578037644598966,9.429553289239601,153.18385741799636,370.3937888764342,1
178.8778862512057,39.427420416080146,3.4650955636701983,21.619515347680906,129.6443158754475,300.0,1
123.80171898095804,60.155893276414126,0.5465523631000441,55.828851138910885,62.67675013100212,300.0,0
33.48019855624035,65.06510735235538,0.34713201058786913,15.027705486943411,143.11590335061837,300.0,1
127.98781002803976,6.243973375891695,1.4368778648538256,23.585687382575774,232.81807290827288,300.0,1
123.63322498733577,68.0360503415875,2.4205901923487185,27.06045921076337,49.172069423978975,300.0,0
51.56844877840364,21.913416852626387,4.367708025960226,27.485489402278226,51.64860380211393,300.0,0
114.12439581711352,96.30168015959823,3.6904115348782787,37.55049578468248,125.78824879571573,341.4985214854059,1
105.64113625536963,19.12295913654573,3.7649913017599093,56.69839858919304,284.26594213710973,300.0,1
157.80402353253194,44.38929175406725,2.242368005350762,15.960177286285287,210.5146146151868,300.0,1
162.4224762082345,13.108218467471167,1.860487964225422,9.047079825453247,213.2408883015925,300.0,1
20.872962345290684,99.703053925365,1.9809860623260929,13.453288411876365,127.71839752622354,300.0,1
99.90702751035309,52.70852598146804,4.940717905933077,53.44164421213763,190.28841362630538,300.0,1
160.20637977141672,61.56157664540416,0.3925241187799159,39.45702713400195,32.73541968749071,307.2110565796104,0
130.75270205922106,11.37226535190061,4.361751181387753,18.58259377587129,201.7459325305764,300.0,1
215.55756188519734,76.24624468792189,2.9776419611474885,49.3249224601798,276.5874758455839,391.6844371047591,1
168.0864715885468,24.94103134408065,2.305354012110034,51.95945978907929,195.3948364531012,300.0,1
49.104262499543125,90.31515749686781,3.681236769992655,51.09783164403613,265.8986202359132,300.0,1
26.936499376103164,24.488265845790682,2.5360109188385738,55.29773895109416,225.47272497584532,300.0,1
164.18062676951575,23.115333463048323,4.392431542791971,16.629979170054973,62.55077242899637,300.0,0
16.362714529989233,8.472218445569013,4.523368947254041,45.792431867284144,273.66239296717725,300.0,1
150.5861395056312,49.84635978544993,2.224260448992586,28.71129084190012,47.93983797605922,300.0,0
235.65525794198982,58.65990765994856,1.5287734267282476,50.83591606762357,174.17121758789622,385.0759433378403,1
148.11380269021095,11.242320745693474,3.043281577248139,44.25245927537357,68.37702342423357,300.0,0
103.16078228956526,78.675123586026,4.579344058960117,47.03395189698403,33.1607848973441,300.0,0
164.38917242616475,48.062439301062625,1.2111785072271994,40.057386585502144,143.9492502344625,306.1535293143279,1
119.98069371796399,54.817075586120104,3.1902396011047176,12.290868629242999,109.66099106662219,300.0,1
140.9480294358244,46.87246095913167,3.2314890564440986,33.61156129602242,161.2201333253528,300.0,1
235.95155410636605,43.07249078315597,3.718942507593349,59.110844892421476,185.84396941832873,366.81793663183754,1
102.66463307218582,58.1658314742807,0.8315248886108471,56.3685078568329,41.80954952341578,300.0,0
240.68573531773941,19.747823363417687,3.6359598304740253,4.504076676226677,63.210889683411324,359.1183152025323,0
227.2841540694553,22.283172397050755,4.563356099195077,11.559259312307354,180.83344704161485,361.1910729036594,1
56.989872349431145,86.86963399628414,1.0624789225771614,9.640268860364591,122.65518535661772,300.0,1
26.64671221003971,94.88096890269512,1.3402079596346126,44.106834779147135,226.87684163835095,300.0,1
34.186720330582396,40.46438504657653,4.86269645139987,49.431549131702816,206.1187451198237,300.0,1
14.373238156371935,30.720743948637608,1.068689373005551,14.38365924601897,258.3131780072748,300.0,1
32.66631058142281,66.17995660770649,4.3010484481739795,31.339456191206082,216.97306320069083,300.0,1
173.92162561992563,43.82974625431916,2.562933710950567,50.7607756246496,146.08139089534,310.6665476167598,1
27.08527563045496,7.411703787732762,1.3867091571352497,44.50248959644254,211.70098804649675,300.0,1
86.55415127050271,19.834496749788084,4.379599526108055,33.4497579185272,104.35291704896301,300.0,1
212.7700746326691,73.01736174050276,2.3374652240127944,36.24016604660883,112.70464467011742,362.67571356165126,1
15.585264576598208,67.59777448146437,2.671123298862513,31.484911721144236,243.0259931786142,300.0,1
205.4724358213446,7.574119287830932,1.9243201731188753,19.257810176491592,150.5332694284272,300.0,1
77.64514594561598,26.087355383630197,3.046164086887652,34.771275585822934,245.5626919399552,300.0,1
38.3595586291975,26.952105675866783,0.9849145884081092,41.955347518905256,252.05404089043518,300.0,1
177.21691968739614,68.82981064187919,2.0771913759284515,52.652729119926846,261.54183116854665,311.18471466846296,1
160.94628322717216,6.872501086664595,4.85317914720938,38.90489853079639,277.49151367712597,300.0,1
220.59328324649272,14.890315288534515,1.4390404769654122,46.14504914850316,146.36600953859,337.519207234452,1
186.41705051293258,80.99202811045299,3.3523359897982026,11.284154827365233,116.09404094670748,326.18197410642335,1
202.83542329236366,21.96174289516169,1.7609123082785354,28.770333516347815,187.19366158041075,300.0,1
77.68829741711356,67.01088024592809,3.9126710032956833,2.541233949971411,130.21655432815945,300.0,1
52.58549050713348,27.627364199439018,0.8281935714480793,16.307374142254133,192.2900250360629,300.0,1
190.147540393806,14.44693231213779,4.855141016377015,44.13477947655428,220.50818291383266,332.9968151364709,1
203.64033742414335,28.101358144948136,2.3781897986414684,59.52497717826308,215.86935499287696,335.54413280650544,1
247.7212340801616,73.61535852628762,1.3330422240630269,7.752329776058523,131.12927949543277,394.39727716252185,1
109.02824245874235,86.29116447009714,0.5527843871840608,25.28667031995472,75.05225445866327,300.0,0
99.28434059026796,83.8708871338642,1.0148379444201956,48.40411618455125,146.24292138479603,300.0,1
196.33911057807924,42.73243531375321,2.694914953068885,13.834066808476132,68.50041890211536,313.15731803567695,0
91.79284966072429,68.46808797421139,1.817615246870174,34.1949270595326,270.3261994996283,300.0,1
233.38175814485552,24.473508064502994,4.178640156236526,44.51813516972114,123.3869143992215,368.9975055259502,1
216.01906044232283,32.84903437479626,2.2682601135766687,37.72715611509038,71.70413175029742,300.0,0
112.95856657000441,90.15190275950638,1.3938285084206234,12.905434607694136,36.870895174552736,300.0,0
190.20905626995938,6.235182733519924,3.1622959356993445,22.612304983772887,204.37204429735075,300.0,1
191.09028978032376,13.123310431174467,3.59253064105014,47.45992350015304,201.96362571278067,300.0,1
34.749728520623826,24.749194238872594,1.0018011579245594,34.145137819656966,121.96312497694875,300.0,1
226.612697603096,7.520559368012873,1.0045722381839248,2.303317585488939,49.36220998886577,312.154889229309,0
131.2605693874857,22.236366333530746,0.37602284928100627,46.137464081629446,140.59980162171263,300.0,1
208.34979186585798,60.38894829212076,3.7347296723150745,4.048058586533866,114.02872366711627,374.41568391668596,1
86.81190424734682,45.0353323062873,3.3862617325846647,45.252559398411464,212.8225727284525,300.0,1
224.9255748390881,89.8038125523126,2.4782282035991066,13.74387248958377,193.5603973522264,348.24118023291106,1
103.40840289619915,82.65713836515188,4.252018155052146,57.56826184692405,128.4403066133358,300.0,1
12.601036355271606,37.472648411298216,4.067216734160255,23.3405635755209,88.83098964884732,300.0,0
227.29167434062327,29.645226175972788,3.00970094910441,20.962033747608587,296.7697108620098,336.89077557323856,1
31.908802428672054,41.07077877589035,4.367702146463642,10.635506919281791,152.58043772295102,300.0,1
86.63527302169956,61.07801953890674,1.1880378081764875,19.725044498432464,215.834043660664,300.0,1
238.01487209219317,30.466045878173244,0.7372141731090938,52.84574418603563,67.9493012461574,356.86795634844736,0
238.14571526501345,64.29414624566773,1.49479813528155,59.787391582380344,161.1092189080374,410.82924340117194,1
147.62509314958868,43.89410695816784,0.4740169092287113,23.361952769397202,37.434914364755684,300.0,0
161.64093092075183,57.444482180938124,2.749613734404954,28.01941659536347,166.47288183582148,300.0,1
117.62692527479675,46.43202026785509,4.6957073230158155,43.88011441575875,290.28469992177963,300.0,1
80.37058520753548,32.97424715648218,0.3888489952088463,53.399355266974325,133.73581250616604,300.0,1
88.87949088877983,95.10306416140489,0.7861275872481286,36.39657138283348,40.52892339522613,300.0,0
171.40442945848923,77.54255044517728,2.3705553357604896,24.708490494314102,38.35806354822275,300.0,0
190.5698870650432,18.31075169781299,4.682600084133943,25.932066769220178,134.75642518565476,300.0,1
199.97897049420365,87.50445771030172,1.7175493038884024,42.3458524968148,73.20673284506239,363.9529534506051,0
199.50835427069293,51.3059638337038,2.6347270817042836,2.1866592890481638,36.3050660086102,312.05294600532284,0
31.88946473168569,89.98246155493868,0.3995497234418821,37.93618157267076,234.17767576654774,300.0,1
128.66087312861956,80.98624931499495,0.9120473646180265,22.61859460559873,153.80121239811047,300.0,1
23.814102403994628,45.39528292457718,4.935824590202465,48.06344521407089,108.09608843261672,300.0,1
141.88693175769652,7.134584290411153,4.8325697428930185,7.393457109741665,273.0224594144498,300.0,1
115.96732032961049,30.52434914156988,0.22371190848516617,36.11573148300665,61.35751925414191,300.0,0
223.04900386199193,56.45525039278236,4.768696570031547,29.896427613395176,288.0980838179362,401.80869618938254,1
94.21960301249888,65.180430883484,3.267775701514402,39.25488050250319,114.77101369188526,300.0,1
38.096083942625405,29.499330116154216,4.366007813696106,5.761508480012164,269.86899152334394,300.0,1
44.318003692680605,18.238827036918295,2.3827513070425237,35.639059670831614,192.79457664945463,300.0,1
192.76255161219333,84.31837249593342,2.674860937180401,34.56610610165237,253.2109871302016,338.23278091546433,1
158.37233519590265,98.51820716683746,2.546463585233217,34.51828547613791,295.68355406682537,319.76820787983075,1
34.26944226946966,54.94056731875516,3.400948436221301,37.00228466259438,107.86946821106135,300.0,1
30.185633467599384,21.309532155588833,0.870326022830302,41.23514035912901,289.5065810600501,300.0,1
178.2325915501888,30.869196019340052,0.3438732313888542,48.689361981484645,135.1601116236535,300.0,1
27.463121527406447,6.747114272009339,1.6780637196377164,17.64960176743643,134.08821427896902,300.0,1
207.24641422968548,91.8583866232474,3.582467661135904,49.8528657904436,121.90451814871653,393.50624128385107,1
179.4981345175591,16.186352874563408,1.1688965701901521,30.89882957128031,176.180053983848,300.0,1
29.523707354055944,59.76906517385409,3.432475679959603,6.469380189791208,71.61916165819152,300.0,0
30.36105138044606,31.03524596528457,4.855577821314898,5.395953896150793,179.50210104666303,300.0,1
246.7934988402821,57.64691023900038,0.6507234357892082,21.385822484371527,176.26029935070108,359.80146121699556,1
99.82499098146887,66.8849368934271,3.4284901674806063,47.52402467246512,235.7134894033149,300.0,1
98.95411529605381,83.82547135218415,2.3300010526619417,43.04549421497311,255.0854897231481,300.0,1
205.0718961418006,24.610020817257304,4.367082821012025,47.739667950999575,148.9191645843545,309.78433155276036,1
237.3396585721261,6.044603722555646,1.0503189893474523,32.00160527361334,111.62997732490331,333.3463745247161,1
246.64025531748902,18.00413485653669,3.52460457068559,27.531541881418452,100.0204222756155,377.4117754892668,1
190.81076446214598,90.50177097556998,4.222953390310929,10.552246548964469,82.54843591031542,334.96490263512726,0
100.30230052741979,88.01955736843895,4.734148253475311,21.03517970934007,45.56484719373672,300.0,0
30.040172007680503,61.754244706179286,3.4795905357903,27.173123238084766,122.46095428537261,300.0,1
196.51525982258482,62.04910174119707,2.5864388672404512,7.1388249214177995,102.96687687531148,300.0,1
144.01701993659321,68.17848408189427,3.1656667529658264,14.795493257250254,290.93269418393,300.0,1
111.81328221927431,21.660271469227713,4.370743925497847,36.69706705569685,180.58138308751185,300.0,1
227.52505242273662,91.86913486287118,2.9389267838663824,44.66846062587301,123.76480053823704,412.8656886519813,1
36.68739575347632,44.78319986474695,0.345857886544817,59.904155660791076,186.7262522682979,300.0,1
128.2300250298062,41.39816018370226,4.668553738433493,56.12057321792634,67.58310936333778,300.0,0
12.724874744180577,54.297182001869565,3.5097284049514936,39.26878157304111,149.89181228459478,300.0,1
122.4785540785903,9.46176684363023,3.4472642517307834,26.432387091056174,199.08326678368724,300.0,1
23.512786163640964,20.796920031827543,1.2352407315090423,38.8982871530775,162.00241458396187,300.0,1
38.51629990433726,75.1131935605052,3.3626502571167545,47.56779384865345,138.48027617666753,300.0,1
38.20629922650517,12.865873452887016,2.090549147139961,8.863499073556465,298.3390650029185,300.0,1
165.81047250785525,62.29945039930688,3.325918289799162,25.77448360238472,267.6849857802103,300.31895807170923,1
189.0507710237016,28.30816541972549,0.7116465454783554,50.7085325668658,198.31960870304883,300.0,1
150.00850362331832,41.98308333398777,3.357657462094573,24.262311212116554,183.73188751921634,300.0,1
240.92141163389007,32.42590499321649,4.997185883699199,35.16859173117682,197.57832955263768,397.2863119914262,1
99.96893908568897,38.788908064170165,0.4314177865306689,36.0906229300075,84.35426911205698,300.0,0
78.57090070764657,73.30936099250331,4.890436084262323,12.699622681751082,136.68719068136602,300.0,1
218.46379076547046,33.22656298420163,2.153158211469779,23.009655615832727,40.65407388054282,318.4153209073614,0
63.663001244668635,58.808440828205235,4.379616561618844,21.401654747032065,158.3974301214432,300.0,1
241.17340946574672,50.22478820891447,3.9554503234797127,3.519409094859758,176.61663766856907,355.53132175530374,1
12.917073925555922,68.04876070945157,2.9216780527360053,3.403122305698604,91.4924287478666,300.0,0
242.77091840983337,93.99882523585201,3.744556204406367,50.23842853319486,290.2877887346887,435.0017359566712,1
20.358378868138267,74.59434923497378,4.41687469424647,17.83810697842312,275.55274495305537,300.0,1
223.87434728753706,25.419335966121892,2.139873543924958,32.048568441851295,224.9786735730946,321.55910019806225,1
136.64826618071197,7.962397830822043,1.7697591755035456,19.326083268148835,174.0143897666479,300.0,1
248.31155106863207,29.915084208483382,3.4044482507052067,56.55939621668975,264.89167310487494,403.7425611142206,1
27.711175536495727,61.53240341652421,4.077660521318041,17.039212014214876,65.27613283233498,300.0,0
142.92502825631698,9.885452281003783,3.8589686469277558,26.920095138858233,243.43764445421894,300.0,1
242.63260854858376,52.154793484117455,4.029505514521445,52.618354528106906,63.70161977104904,439.69435488738253,0
135.54348260083572,61.700070647104475,2.2907999111020785,50.8321468739249,244.43687888833946,300.0,1
161.05567315246302,36.75316962761128,4.125604237640103,12.793882235084084,104.45724342786637,300.0,1
176.97968535630812,78.23665935585308,0.7770034657789204,48.553311968151206,266.814456874911,328.6294625946062,1
119.08985554426557,15.126834047708321,2.813547670212078,28.574839430797773,284.8913653328574,300.0,1
160.6139392201752,12.138089264901833,0.22764157039098354,30.012194580950602,70.17491173938123,300.0,0
150.23543486154406,74.17793183934232,1.7580119835212973,9.741838400124738,154.92241336765625,300.0,1
226.27792251783737,52.071675039588854,1.9590153673827098,6.67488779791323,294.866592103925,336.6374561234921,1
20.907131281949887,70.39822766063493,2.101628919724426,44.22047980447838,160.5200077127496,300.0,1
77.43116550213527,46.30859716735589,3.5382425921113385,30.794746836607384,263.1578310789272,300.0,1
238.0987561783741,28.408193157715147,2.0650788860976594,27.337340751680415,188.95751097545636,327.28150218318444,1
223.66330813381992,82.81472017904898,2.3537293885881474,44.31147726183901,131.33907513829251,371.98580627392005,1
119.3576206685711,80.94450850205303,1.3402118281967716,46.399748141484366,107.16155999198496,300.0,1
158.83182347236882,70.99616473117054,1.9916085998208324,11.216673724822506,84.87023459324357,300.0,0
76.57148391547184,30.853788036846456,1.290894210863127,37.393058669703194,235.68551167197825,300.0,1
55.14907833370272,61.07191335256327,0.5513404340885295,9.85053677210576,134.36593684221754,300.0,1
121.28761718559572,39.292520209302545,3.096553248230614,45.57975498968465,168.0443747942028,300.0,1
94.80453472625268,13.700296966030244,3.407421433064078,40.103399063494095,162.92787960031913,300.0,1
150.0774668442093,92.14478966891306,3.17355366084615,57.48364802284056,185.86533789294543,333.49433374101335,1
28.656312871596363,17.997769937301335,2.4247714102427476,5.999564948672429,263.70582931862907,300.0,1
243.85475383987995,95.27254861297624,2.0229717448603033,5.30917382677275,294.79962276752593,402.77440807984567,1
246.6905786751047,47.370548431005794,4.344001517944761,18.36685033220561,140.04773631493057,406.13927671077573,1
